file,section,group,id,text
actor_name.csv,Enemy,1,r05_non_cml4_crf,Alter Crawford
actor_name.csv,Enemy,1,r05_stl_bhu_ba1,Alter Noetica
actor_name.csv,Enemy,1,r03_nat_mam_deh,High Zo Marmoth
actor_name.csv,Enemy,1,r05_rem_ang_ba1,Ruine Anga
actor_name.csv,EnemyTitle,1,EnemyTitleReplicaEnemy,Simulacrum
common.csv,LobbyAction,1,LobbyAction_2567fifth,Stardust of Genesis
common.csv,LobbyAction,1,LobbyAction_margaretaposere,Margareta Pose +
common.csv,LobbyAction,1,LobbyAction_almaposere,Alma Pose +
common.csv,LobbyAction,1,LobbyAction_aogusmalre,Fan 1 +
common.csv,LobbyAction,1,LobbyAction_kyoukire,Overjoyed +
common.csv,LobbyAction,1,LobbyAction_2529npcpose,Lucia Pose
common.csv,LobbyAction,1,LobbyAction_2458provocation,Provoke 3
common.csv,LobbyAction,1,LobbyAction_2522pose,Pose 26
common.csv,LobbyAction,1,LobbyAction_2472sword,Weapon Display Pose/2
common.csv,LobbyAction,1,LobbyAction_2563keypose,Creators Style 2
common.csv,LobbyAction,1,LobbyAction_2527cat,Like a Cat
common.csv,LobbyAction,1,LobbyAction_chillout,Rest
common.csv,LobbyAction,1,LobbyAction_2521cpose,Wushu Pose 2
common.csv,LobbyAction,1,LobbyAction_2542weaponact,Weapon Performance
common.csv,LobbyAction,1,LobbyAction_2530handopen,Open 10
common.csv,LobbyAction,1,LobbyActionCategory_48,Emotes: Weapon Display Poses 2
common.csv,LobbyAction,1,LobbyActionCategoryTab_48,$(0). Weapon Display Poses 2
common.csv,Substitute,1,Substitute_Idle_339,Model Pose 6 EX
common.csv,Substitute,1,Substitute_Idle_420,Propeller Engine/B
common.csv,Substitute,1,Substitute_Idle_421,R Mag Minimo/B
common.csv,Substitute,1,Substitute_Idle_422,Umbrella/F
common.csv,Substitute,1,Substitute_Idle_423,Alice Margatroid
common.csv,Substitute,1,Substitute_Idle_424,Youmu Konpaku
common.csv,Substitute,1,Substitute_Idle_425,Yukari Yakumo
common.csv,Substitute,1,Substitute_Idle_426,Yuyuko Saigyouji
common.csv,Substitute,1,Substitute_Idle_427,Hip-Shaking Dance
common.csv,Substitute,1,Substitute_Idle_428,Fidget
common.csv,Substitute,1,Substitute_Idle_429,Standing Pose 9
common.csv,Substitute,1,Substitute_Idle_430,Standing Pose 10
common.csv,Substitute,1,Substitute_Idle_431,Zundamon
common.csv,Substitute,1,Substitute_Idle_432,Zundamon 2
common.csv,Substitute,1,Substitute_Idle_433,Signature Pose 7
common.csv,Substitute,1,Substitute_Idle_434,Dark Magic 2
common.csv,Substitute,1,Substitute_Idle_435,Dark Magic 2 EX
common.csv,Substitute,1,Substitute_Idle_436,Waking Up
common.csv,Substitute,1,Substitute_Idle_437,Bang Bang
common.csv,Substitute,1,Substitute_Idle_438,Hands Behind Back 3
common.csv,Substitute,1,Substitute_Idle_439,Hand on Hip 5
common.csv,Substitute,1,Substitute_Idle_440,Riding a Rappy
common.csv,Substitute,1,Substitute_Idle_443,Hip-Shaking Dance EX
common.csv,Substitute,1,Substitute_Idle_444,Fidget EX
common.csv,Substitute,1,Substitute_Idle_445,Woof
common.csv,Substitute,1,Substitute_Idle_446,Woof EX
common.csv,Substitute,1,Substitute_Idle_447,NGS 1st Anniv. (Aina)
common.csv,Substitute,1,Substitute_Idle_448,NGS 1st Anniv. (Manon)
common.csv,Substitute,1,Substitute_Jump_38,Riding a Rappy
common.csv,Substitute,1,Substitute_Landing_44,Riding a Rappy
common.csv,Substitute,1,Substitute_Move_97,Yuyuko Saigyouji
common.csv,Substitute,1,Substitute_Move_98,Dark Magic 2
common.csv,Substitute,1,Substitute_Move_99,Riding a Rappy
common.csv,Substitute,1,Substitute_Sprint_260,Star Riding/B
common.csv,Substitute,1,Substitute_Sprint_261,Majestic Wings/B
common.csv,Substitute,1,Substitute_Sprint_262,Yuyuko Saigyouji
common.csv,Substitute,1,Substitute_Sprint_263,Dark Magic 2
common.csv,Substitute,1,Substitute_Sprint_264,Riding a Rappy
common.csv,Substitute,1,Substitute_Glide_247,Star Riding/B
common.csv,Substitute,1,Substitute_Glide_248,Yuyuko Saigyouji
common.csv,Substitute,1,Substitute_Glide_249,Dark Magic 2
common.csv,Substitute,1,Substitute_Glide_250,Dark Magic 2 EX
common.csv,Substitute,1,Substitute_Glide_251,Riding a Rappy
lineduel_text.csv,CardName,1,2571,Luther
lineduel_text.csv,CardName,1,2620,Matoi
lineduel_text.csv,CardName,1,2621,Matoi
lineduel_text.csv,CardName,1,2630,Sukunahime
lineduel_text.csv,CardName,1,2631,Sukunahime
lineduel_text.csv,CardName,1,2640,Maria
lineduel_text.csv,CardName,1,2641,Maria
lineduel_text.csv,CardName,1,2650,Predecessor DF [Apprentice]
lineduel_text.csv,CardName,1,2651,Predecessor DF [Apprentice]
lineduel_text.csv,CardName,1,2660,Klariskrays
lineduel_text.csv,CardName,1,2661,Klariskrays
lineduel_text.csv,CardName,1,2670,Huey
lineduel_text.csv,CardName,1,2671,Huey
lineduel_text.csv,CardName,1,2680,Katori
lineduel_text.csv,CardName,1,2681,Katori
lineduel_text.csv,CardName,1,2690,Saga
lineduel_text.csv,CardName,1,2691,Saga
lineduel_text.csv,CardName,1,2700,Zeno
lineduel_text.csv,CardName,1,2701,Zeno
lineduel_text.csv,CardName,1,2710,Afin
lineduel_text.csv,CardName,1,2711,Afin
lineduel_text.csv,CardName,1,2720,Quna
lineduel_text.csv,CardName,1,2721,Quna
lineduel_text.csv,CardName,1,2730,Aina
lineduel_text.csv,CardName,1,2731,Aina
lineduel_text.csv,CardName,1,2740,Risa
lineduel_text.csv,CardName,1,2741,Risa
lineduel_text.csv,CardName,1,2750,Regius
lineduel_text.csv,CardName,1,2751,Regius
lineduel_text.csv,CardName,1,2760,Manon
lineduel_text.csv,CardName,1,2761,Manon
lineduel_text.csv,CardName,1,2770,Casra
lineduel_text.csv,CardName,1,2771,Casra
lineduel_text.csv,CardName,1,2840,Raguo Rappy 1
lineduel_text.csv,CardName,1,2841,Raguo Rappy 1
lineduel_text.csv,CardName,1,2850,Raguo Rappy 2
lineduel_text.csv,CardName,1,2851,Raguo Rappy 2
lineduel_text.csv,CardName,1,2860,Raguo Rappy 3
lineduel_text.csv,CardName,1,2861,Raguo Rappy 3
lineduel_text.csv,CardName,1,2870,Raguo Rappy 4
lineduel_text.csv,CardName,1,2871,Raguo Rappy 4
lineduel_text.csv,CardName,1,2880,Raguo Rappy 5
lineduel_text.csv,CardName,1,2881,Raguo Rappy 5
lineduel_text.csv,CardName,1,2891,Alice Margatroid
lineduel_text.csv,CardName,1,2901,Youmu Konpaku
lineduel_text.csv,CardName,1,2911,Yuyuko Saigyouji
lineduel_text.csv,CardName,1,2921,Yukari Yakumo
lineduel_text.csv,CardName,1,2931,Chen
lineduel_text.csv,CardName,1,2941,Ran Yakumo
lineduel_text.csv,CardName,1,3071,Elmir
lineduel_text.csv,CardName,1,3081,Summer Rappy
lineduel_text.csv,CardName,1,90480,Falspawn Army
lineduel_text.csv,CardName,1,90481,Falspawn Army
lineduel_text.csv,CardTitle,1,2571,Super Phantasy Festival
lineduel_text.csv,CardTitle,1,2620,A New Guardian
lineduel_text.csv,CardTitle,1,2621,A New Guardian
lineduel_text.csv,CardTitle,1,2630,Breath of the Gods
lineduel_text.csv,CardTitle,1,2631,Breath of the Gods
lineduel_text.csv,CardTitle,1,2640,One Who Knows the Past
lineduel_text.csv,CardTitle,1,2641,One Who Knows the Past
lineduel_text.csv,CardTitle,1,2660,Accidental Caster
lineduel_text.csv,CardTitle,1,2661,Accidental Caster
lineduel_text.csv,CardTitle,1,2670,Blazing Fist
lineduel_text.csv,CardTitle,1,2671,Blazing Fist
lineduel_text.csv,CardTitle,1,2680,Secretly Taking a Break
lineduel_text.csv,CardTitle,1,2681,Secretly Taking a Break
lineduel_text.csv,CardTitle,1,2690,Secretly Observing
lineduel_text.csv,CardTitle,1,2691,Secretly Observing
lineduel_text.csv,CardTitle,1,2700,Unbreakable Fighting Spirit
lineduel_text.csv,CardTitle,1,2701,Unbreakable Fighting Spirit
lineduel_text.csv,CardTitle,1,2710,Good Buddy
lineduel_text.csv,CardTitle,1,2711,Good Buddy
lineduel_text.csv,CardTitle,1,2720,Wielder of Mai the Unseen
lineduel_text.csv,CardTitle,1,2721,Wielder of Mai the Unseen
lineduel_text.csv,CardTitle,1,2730,5! Go! Beyond!!!
lineduel_text.csv,CardTitle,1,2731,5! Go! Beyond!!!
lineduel_text.csv,CardTitle,1,2740,Ruinous Atrocity
lineduel_text.csv,CardTitle,1,2741,Ruinous Atrocity
lineduel_text.csv,CardTitle,1,2750,Lightning Fang Star Slash
lineduel_text.csv,CardTitle,1,2751,Lightning Fang Star Slash
lineduel_text.csv,CardTitle,1,2760,5! Go! Beyond!!!
lineduel_text.csv,CardTitle,1,2761,5! Go! Beyond!!!
lineduel_text.csv,CardTitle,1,2770,Observer
lineduel_text.csv,CardTitle,1,2771,Observer
lineduel_text.csv,CardTitle,1,2840,Super Genesis Festival
lineduel_text.csv,CardTitle,1,2841,Super Genesis Festival
lineduel_text.csv,CardTitle,1,2850,Super Genesis Festival
lineduel_text.csv,CardTitle,1,2851,Super Genesis Festival
lineduel_text.csv,CardTitle,1,2860,Super Genesis Festival
lineduel_text.csv,CardTitle,1,2861,Super Genesis Festival
lineduel_text.csv,CardTitle,1,2870,Super Genesis Festival
lineduel_text.csv,CardTitle,1,2871,Super Genesis Festival
lineduel_text.csv,CardTitle,1,2880,Super Genesis Festival
lineduel_text.csv,CardTitle,1,2881,Super Genesis Festival
lineduel_text.csv,CardTitle,1,2891,Seven-Colored Puppeteer
lineduel_text.csv,CardTitle,1,2901,Half-Phantom Gardener
lineduel_text.csv,CardTitle,1,2911,Ghost of Huaxu
lineduel_text.csv,CardTitle,1,2921,Spiriting-Away Mastermind
lineduel_text.csv,CardTitle,1,2931,Shikigami of the Gap Youkai's Shikigami
lineduel_text.csv,CardTitle,1,2941,Shikigami of the Gap Youkai
lineduel_text.csv,CardTitle,1,3071,Summer Vacation
lineduel_text.csv,CardAbility,1,160,Corruption
lineduel_text.csv,CardAbility,1,161,Enthusiastic
lineduel_text.csv,CardAbility,1,162,Base Recovery +1
lineduel_text.csv,CardAbility,1,163,Clean-Up
lineduel_text.csv,CardAbility,1,165,Wildcard: Light
lineduel_text.csv,CardAbility,1,166,Quick Wit
lineduel_text.csv,CardAbility,1,178,Stopgap
lineduel_text.csv,CardAbility,1,179,Gallant
lineduel_text.csv,CardAbility,1,180,Hitch a Ride
lineduel_text.csv,CardAbility,1,181,Late Bloomer
lineduel_text.csv,CardAbility,1,182,Reinforcements: Falspawn
lineduel_text.csv,CardAbility,1,183,Everyone's Strength
lineduel_text.csv,CardAbility,1,184,Self-Barrier
lineduel_text.csv,CardAbility,1,185,Move Enemy
lineduel_text.csv,CardAbility,1,186,Move Ally
lineduel_text.csv,CardAbility,1,187,PP Down 2
lineduel_text.csv,CardAbility,1,188,Move Enemy
lineduel_text.csv,CardAbility,1,189,Move Enemy
lineduel_text.csv,CardAbility,1,190,Teleport Allies
lineduel_text.csv,CardAbility,1,192,Overload
lineduel_text.csv,CardAbility,1,193,Wildcard
lineduel_text.csv,CardDesc,1,151,"Swap the target enemies in the direction of the arrows.<br>*This card is treated the same as<br>the ""Void Leader - Luther"" card."
lineduel_text.csv,CardDesc,1,160,"Place a seal on target enemies.<br>When a card with this seal has a debuff effect applied to it, the seal is removed and the summoned card's Attack is reduced by 3.<br>[Passive] Pacifist"
lineduel_text.csv,CardDesc,1,161,"[Passive] This card has the following effects.<br>- Base Buster: When this card attacks an enemy base, add 1 point of damage 1 time only.<br>- Stun Shift -3: If this card receives ""Stun"", treat it as -3 Attack instead."
lineduel_text.csv,CardDesc,1,162,All ally bases in the same row as this card recover 1 HP.<br>*No effect to destroyed Bases.
lineduel_text.csv,CardDesc,1,163,Incapacitate all enemies with a cost of 1 or lower in your opponent's territory for this turn.
lineduel_text.csv,CardDesc,1,165,"[Passive Skill]<br>When this card is the target of Overwrite Summoning, Light can also be used."
lineduel_text.csv,CardDesc,1,166,[Passive Skill]<br>Increase Attack by 4x the number of enemies.<br>Decrease Attack by 2x the number of allies.<br>*This card does not count as its own ally.
lineduel_text.csv,CardDesc,1,178,"Reduce the PP added at the beginning of the next turn by 1.<br>*If this effect is stacked multiple times, any excess reductions will be applied in the next turn.<br>[Passive] Reduce this card's PP Cost by 1 when summoning it onto a row in which your Attack is lower than your opponent's."
lineduel_text.csv,CardDesc,1,179,"Remove any Barriers from enemies in target squares.<br>[Passive Skill]<br>When an allied Base in the same Line as this card is destroyed, add 1 PP and destroy this card."
lineduel_text.csv,CardDesc,1,180,[Passive Skill]<br>This card has the following effects:<br>- Press the Attack: Reduce this card's PP Cost by 1 when summoning it onto a row in which your Attack is higher than your opponent's.<br>- Decimate: Destroy this card at the start of the next turn.
lineduel_text.csv,CardDesc,1,181,Increase this card's Attack by 3 when summoned from Turn 3 onward.
lineduel_text.csv,CardDesc,1,182,Add Falspawn Army to your hand.
lineduel_text.csv,CardDesc,1,183,"[Passive] This card has the following effects.<br>- Solidarity: This card's Attack is increased by exactly 2x the number of ally element types.<br>*Excluding this card's own element.<br>- Stun Shift -5: If this card receives ""Stun"", treat it as -5 Attack instead."
lineduel_text.csv,CardDesc,1,184,"Grant this card the same effect as the ""Barrier"" skill."
lineduel_text.csv,CardDesc,1,185,"An ability that moves target enemies in the direction of the arrow.<br>*This card is treated the same as<br>the ""Geologist - Rojio"" card."
lineduel_text.csv,CardDesc,1,186,"An ability that moves target allies in the direction of the arrow.<br>*This card is treated the same as<br>the ""Masterless Blades - Twin Kamuy"" card."
lineduel_text.csv,CardDesc,1,187,"An ability that reduces your opponent's PP by 2.<br>*This card is treated the same as the ""Glen's Adjutant - Kanui"" card."
lineduel_text.csv,CardDesc,1,188,"An ability that moves target enemies in the direction of the arrow.<br>*This card is treated the same as<br>the ""Goddess of Annihilation - Shiva"" card."
lineduel_text.csv,CardDesc,1,189,"An ability that moves target enemy in the direction of the arrow.<br>*This card is treated the same as<br>the ""Lillipan Elder"" card."
lineduel_text.csv,CardDesc,1,190,"An ability that swaps the positions of target allies.<br>*This card is treated the same as<br>the ""Perfect Operation - Ran"" card."
lineduel_text.csv,CardDesc,1,192,"Reduce the PP added at the beginning of the next turn by 1.<br>*If this effect is stacked multiple times, any excess reductions will be applied in the next turn.<br>*This card is treated the same as the ""Persona - Elmir"" card."
lineduel_text.csv,CardDesc,1,193,"[Passive Skill]<br>When this card is the target of Overwrite Summoning, any Element can be used.<br>*This card is treated the same as the ""Rappy"" card."
lineduel_text.csv,PlaymatName,1,63,Perfect Cherry Blossom
lineduel_text.csv,SleeveName,1,74,Alice Margatroid
lineduel_text.csv,CardIllustrator,1,2620,ほーじろ
lineduel_text.csv,CardIllustrator,1,2621,PSO2 Artwork Team
lineduel_text.csv,CardIllustrator,1,2630,hncl
lineduel_text.csv,CardIllustrator,1,2631,hncl
lineduel_text.csv,CardIllustrator,1,2640,平坂康也
lineduel_text.csv,CardIllustrator,1,2641,平坂康也
lineduel_text.csv,CardIllustrator,1,2650,えぃわ
lineduel_text.csv,CardIllustrator,1,2651,えぃわ
lineduel_text.csv,CardIllustrator,1,2660,竜徹
lineduel_text.csv,CardIllustrator,1,2661,竜徹
lineduel_text.csv,CardIllustrator,1,2670,Dd
lineduel_text.csv,CardIllustrator,1,2671,Dd
lineduel_text.csv,CardIllustrator,1,2680,BISAI
lineduel_text.csv,CardIllustrator,1,2681,BISAI
lineduel_text.csv,CardIllustrator,1,2690,BISAI
lineduel_text.csv,CardIllustrator,1,2691,BISAI
lineduel_text.csv,CardIllustrator,1,2700,п猫R
lineduel_text.csv,CardIllustrator,1,2701,п猫R
lineduel_text.csv,CardIllustrator,1,2710,ニナハチ
lineduel_text.csv,CardIllustrator,1,2711,ニナハチ
lineduel_text.csv,CardIllustrator,1,2720,いもいち
lineduel_text.csv,CardIllustrator,1,2721,いもいち
lineduel_text.csv,CardIllustrator,1,2730,PSO2 Artwork Team
lineduel_text.csv,CardIllustrator,1,2731,PSO2 Artwork Team
lineduel_text.csv,CardIllustrator,1,2740,itaco
lineduel_text.csv,CardIllustrator,1,2741,itaco
lineduel_text.csv,CardIllustrator,1,2750,itaco
lineduel_text.csv,CardIllustrator,1,2751,itaco
lineduel_text.csv,CardIllustrator,1,2760,PSO2 Artwork Team
lineduel_text.csv,CardIllustrator,1,2761,PSO2 Artwork Team
lineduel_text.csv,CardIllustrator,1,2770,平坂康也
lineduel_text.csv,CardIllustrator,1,2771,平坂康也
lineduel_text.csv,CardIllustrator,1,2840,PSO2 Artwork Team
lineduel_text.csv,CardIllustrator,1,2841,PSO2 Artwork Team
lineduel_text.csv,CardIllustrator,1,2850,PSO2 Artwork Team
lineduel_text.csv,CardIllustrator,1,2851,PSO2 Artwork Team
lineduel_text.csv,CardIllustrator,1,2860,PSO2 Artwork Team
lineduel_text.csv,CardIllustrator,1,2861,PSO2 Artwork Team
lineduel_text.csv,CardIllustrator,1,2870,PSO2 Artwork Team
lineduel_text.csv,CardIllustrator,1,2871,PSO2 Artwork Team
lineduel_text.csv,CardIllustrator,1,2880,PSO2 Artwork Team
lineduel_text.csv,CardIllustrator,1,2881,PSO2 Artwork Team
lineduel_text.csv,CardIllustrator,1,2891,晩杯あきら
lineduel_text.csv,CardIllustrator,1,2901,本田ロアロ
lineduel_text.csv,CardIllustrator,1,2911,伏身タマ
lineduel_text.csv,CardIllustrator,1,2921,かなりあ
lineduel_text.csv,CardIllustrator,1,2931,shnva
lineduel_text.csv,CardIllustrator,1,2941,しぐれうい
lineduel_text.csv,CardIllustrator,1,3071,PSO2 Artwork Team
lineduel_text.csv,CardIllustrator,1,3081,麻谷知世
lineduel_text.csv,CardIllustrator,1,90480,ケロケロ齋藤
lineduel_text.csv,CardIllustrator,1,90481,ケロケロ齋藤
lineduel_text.csv,CardVoiceActor,1,2571,Billy Kametz
lineduel_text.csv,CardVoiceActor,1,2620,Xanthe Huynh
lineduel_text.csv,CardVoiceActor,1,2621,Xanthe Huynh
lineduel_text.csv,CardVoiceActor,1,2630,Mela Lee
lineduel_text.csv,CardVoiceActor,1,2631,Mela Lee
lineduel_text.csv,CardVoiceActor,1,2640,Ellyn Stern
lineduel_text.csv,CardVoiceActor,1,2641,Ellyn Stern
lineduel_text.csv,CardVoiceActor,1,2650,Erika Harlacher
lineduel_text.csv,CardVoiceActor,1,2651,Erika Harlacher
lineduel_text.csv,CardVoiceActor,1,2660,Amber Connor
lineduel_text.csv,CardVoiceActor,1,2661,Amber Connor
lineduel_text.csv,CardVoiceActor,1,2670,Joe Zieja
lineduel_text.csv,CardVoiceActor,1,2671,Joe Zieja
lineduel_text.csv,CardVoiceActor,1,2680,Lizzie Freeman
lineduel_text.csv,CardVoiceActor,1,2681,Lizzie Freeman
lineduel_text.csv,CardVoiceActor,1,2690,Joe Hernandez
lineduel_text.csv,CardVoiceActor,1,2691,Joe Hernandez
lineduel_text.csv,CardVoiceActor,1,2700,Armen Taylor
lineduel_text.csv,CardVoiceActor,1,2701,Armen Taylor
lineduel_text.csv,CardVoiceActor,1,2710,Khoi Dao
lineduel_text.csv,CardVoiceActor,1,2711,Khoi Dao
lineduel_text.csv,CardVoiceActor,1,2720,Kayli Mills
lineduel_text.csv,CardVoiceActor,1,2721,Kayli Mills
lineduel_text.csv,CardVoiceActor,1,2730,Amber Lee Connors
lineduel_text.csv,CardVoiceActor,1,2731,Amber Lee Connors
lineduel_text.csv,CardVoiceActor,1,2740,Kira Buchland
lineduel_text.csv,CardVoiceActor,1,2741,Kira Buchland
lineduel_text.csv,CardVoiceActor,1,2750,David Keefir
lineduel_text.csv,CardVoiceActor,1,2751,David Keefir
lineduel_text.csv,CardVoiceActor,1,2760,Heather Gonzalez
lineduel_text.csv,CardVoiceActor,1,2761,Heather Gonzalez
lineduel_text.csv,CardVoiceActor,1,2770,Dane Jones
lineduel_text.csv,CardVoiceActor,1,2771,Dane Jones
lineduel_text.csv,CardVoiceActor,1,3071,Stefan Martello
lineduel_text.csv,CardVoiceActor,1,none,Not included
lineduel_text.csv,PlaymatIllustrator,1,63,伏身タマ/本田ロアロ/晩杯あきら/shnva/<br>しぐれうい/かなりあ
lineduel_text.csv,SleeveIllustrator,1,74,晩杯あきら
qt1203100000.csv,Required,1,Title,The Frozen Realm
qt1203100000.csv,Required,1,Summary,The Frozen Realm
qt1203100000.csv,SubObjectives,1,Objective311,Find the Tower
qt1203100000.csv,SubObjectives,1,Objective321,Defeat the enemies
qt1203100000.csv,SubObjectives,1,Objective331,Find the Tower
qt1203100000.csv,SubObjectives,1,Objective341,Defeat the enemies
qt1203100000.csv,SubObjectives,1,Objective351,Find the Tower
qt1203100000.csv,SubObjectives,1,Objective361,Defeat the enemies
qt1203100000.csv,SubObjectives,1,Objective371,Enter the Tower
quest_01341050.csv,AreaName,1,Area0S,Lurking in the Twisted Forest
quest_01341050.csv,AreaName,1,Area0L,Lurking in the Twisted Forest
quest_01341050.csv,Basic,1,Title,Lurking in the Twisted Forest
quest_01341050.csv,Basic,1,Explanation,"We have detected an unknown energy reading in Resol Forest. The Alter Realm appears to be causing space-time disturbances there. ARKS defenders, be on guard as the situation evolves and perform an assessment."
quest_01341050.csv,QuestTarget,1,SimpleExplanation,Defeat all enemies
quest_01341050.csv,SuccessCondition,1,s0,Defeat the target enemies
quest_01341050.csv,TrialBeginDetail,1,normalMsg_1341050,Defeat all enemies
quest_common_reboot.csv,QuestCommon,1,ProgressiveContinuousRewards_Title,Additional Participation Rewards
quest_common_reboot.csv,QuestCommon,1,ProgressiveContinuousRewards_GaugeTitle,Until Next Tier
quest_common_reboot.csv,QuestCommon,1,ProgressiveContinuousRewards_GaugeTitleStop,Tracking Paused
quest_common_reboot.csv,QuestCommon,1,ProgressiveContinuousRewards_GaugeTitleMax,At Highest Tier
trial_common.csv,common,1,RewardTextRew_ProgressiveGreen,<pict box_green>Additional Reward
trial_common.csv,common,1,RewardTextRew_ProgressiveYellow,<pict box_yellow>Additional Reward
trial_common.csv,common,1,RewardTextRew_ProgressiveRed,<pict box_red>Additional Reward
trial_evolution_enemy_ahl.csv,type105,1,NpcComOnBegin,Ruine Anga detected!<br>Proceed with caution and eliminate it.
trial_evolution_enemy_ahl.csv,type105,1,NpcComOnSuccess,Ruine Anga eliminated!<br>Please continue exploring.
trial_evolution_enemy_ahl.csv,type105,1,NpcComOnFailure,Ruine Anga has withdrawn!<br>Please continue exploring.
trial_quest_point_gf.csv,common,1,HarvestG1_Abstract,Collect Harvest Points!
trial_quest_point_gf.csv,common,1,HarvestG1_Title,Target Points
trial_quest_point_gf.csv,common,1,HarvestG_MAX,Target harvest points achieved! Proceed.
ui_item.csv,ItemSkillName,1,item_PhotonBlast_1,Phantasm Surge Unit Lv.1
ui_item.csv,ItemSkillName,1,item_PhotonBlast_2,Phantasm Surge Unit Lv.2
ui_item.csv,ItemSkillName,1,item_PhotonBlast_3,Phantasm Surge Unit Lv.3
ui_item.csv,ItemSkillName,1,item_PhotonBlast_4,Phantasm Surge Unit Lv.4
ui_item.csv,ItemSkillName,1,item_PhotonBlast_5,Phantasm Surge Unit Lv.5
ui_item.csv,ItemSkillName,1,item_PhotonBlast_6,Phantasm Surge Unit Lv.6
ui_item.csv,ItemSkillName,1,item_AchieveBuff2_1,Triumphant Light: Ult. Lv.1
ui_item.csv,ItemSkillName,1,item_AchieveBuff2_2,Triumphant Light: Ult. Lv.2
ui_item.csv,ItemSkillName,1,item_AchieveBuff2_3,Triumphant Light: Ult. Lv.3
ui_item.csv,ItemSkillName,1,item_AchieveBuff2_4,Triumphant Light: Ult. Lv.4
ui_item.csv,ItemSkillName,1,item_AchieveBuff2_5,Triumphant Light: Ult. Lv.5
ui_item.csv,ItemSkillName,1,item_AchieveBuff2_6,Triumphant Light: Ult. Lv.6
ui_item.csv,ItemSkillName,1,item_GenericBuff5_1,Spectral Unit - Deux Lv.1
ui_item.csv,ItemSkillName,1,item_GenericBuff5_2,Spectral Unit - Deux Lv.2
ui_item.csv,ItemSkillName,1,item_GenericBuff5_3,Spectral Unit - Deux Lv.3
ui_item.csv,ItemSkillName,1,item_GenericBuff5_4,Spectral Unit - Deux Lv.4
ui_item.csv,ItemSkillName,1,item_GenericBuff5_5,Spectral Unit - Deux Lv.5
ui_item.csv,ItemSkillName,1,item_GenericBuff5_6,Spectral Unit - Deux Lv.6
ui_item.csv,ItemSkillHelp,1,item_PhotonBlast_1,Potency +51%/<br>PB Gauge +15% on attack/<br>All allies receive Potency +2%<br>for 15 sec on Photon Blast<br>activation<br>Extend effect duration 15 sec<br>on Photon Blast activation<br>while effect active<br>30 sec maximum extension<br>Starts 10 sec after equipped
ui_item.csv,ItemSkillHelp,1,item_PhotonBlast_2,Potency +54%/<br>PB Gauge +15% on attack/<br>All allies receive Potency +2%<br>for 15 sec on Photon Blast<br>activation<br>Extend effect duration 15 sec<br>on Photon Blast activation<br>while effect active<br>30 sec maximum extension<br>Starts 10 sec after equipped
ui_item.csv,ItemSkillHelp,1,item_PhotonBlast_3,Potency +57%/<br>PB Gauge +15% on attack/<br>All allies receive Potency +2%<br>for 15 sec on Photon Blast<br>activation<br>Extend effect duration 15 sec<br>on Photon Blast activation<br>while effect active<br>30 sec maximum extension<br>Starts 10 sec after equipped
ui_item.csv,ItemSkillHelp,1,item_PhotonBlast_4,Potency +60%/<br>PB Gauge +15% on attack/<br>All allies receive Potency +2%<br>for 15 sec on Photon Blast<br>activation<br>Extend effect duration 15 sec<br>on Photon Blast activation<br>while effect active<br>30 sec maximum extension<br>Starts 10 sec after equipped
ui_item.csv,ItemSkillHelp,1,item_PhotonBlast_5,Potency +61%/<br>PB Gauge +15% on attack/<br>All allies receive Potency +2%<br>for 15 sec on Photon Blast<br>activation<br>Extend effect duration 15 sec<br>on Photon Blast activation<br>while effect active<br>30 sec maximum extension<br>Starts 10 sec after equipped
ui_item.csv,ItemSkillHelp,1,item_PhotonBlast_6,Potency +67%/<br>PB Gauge +15% on attack/<br>All allies receive Potency +2%<br>for 15 sec on Photon Blast<br>activation<br>Extend effect duration 15 sec<br>on Photon Blast activation<br>while effect active<br>30 sec maximum extension<br>Starts 10 sec after equipped
ui_item.csv,ItemSkillHelp,1,item_AchieveBuff2_1,"Potency +52%/<br>Damage Resistance +5% each<br>time one of these conditions<br>is met, increasing to max 15%<br>1. Upon a Critical Hit<br>2. Upon Restasigne use<br>3. After 100 sec<br>When all conditions are met,<br>you are prevented from being<br>launched or knocked back by<br>enemy attacks,<br>Critical Hit Rate +20%,<br>Critical Potency +5% for 20 sec<br>After this effect ends,<br>one Restasigne is replenished"
ui_item.csv,ItemSkillHelp,1,item_AchieveBuff2_2,"Potency +55%/<br>Damage Resistance +5% each<br>time one of these conditions<br>is met, increasing to max 15%<br>1. Upon a Critical Hit<br>2. Upon Restasigne use<br>3. After 100 sec<br>When all conditions are met,<br>you are prevented from being<br>launched or knocked back by<br>enemy attacks,<br>Critical Hit Rate +20%,<br>Critical Potency +5% for 20 sec<br>After this effect ends,<br>one Restasigne is replenished"
ui_item.csv,ItemSkillHelp,1,item_AchieveBuff2_3,"Potency +58%/<br>Damage Resistance +5% each<br>time one of these conditions<br>is met, increasing to max 15%<br>1. Upon a Critical Hit<br>2. Upon Restasigne use<br>3. After 100 sec<br>When all conditions are met,<br>you are prevented from being<br>launched or knocked back by<br>enemy attacks,<br>Critical Hit Rate +20%,<br>Critical Potency +5% for 20 sec<br>After this effect ends,<br>one Restasigne is replenished"
ui_item.csv,ItemSkillHelp,1,item_AchieveBuff2_4,"Potency +61%/<br>Damage Resistance +5% each<br>time one of these conditions<br>is met, increasing to max 15%<br>1. Upon a Critical Hit<br>2. Upon Restasigne use<br>3. After 100 sec<br>When all conditions are met,<br>you are prevented from being<br>launched or knocked back by<br>enemy attacks,<br>Critical Hit Rate +20%,<br>Critical Potency +5% for 20 sec<br>After this effect ends,<br>one Restasigne is replenished"
ui_item.csv,ItemSkillHelp,1,item_AchieveBuff2_5,"Potency +62%/<br>Damage Resistance +5% each<br>time one of these conditions<br>is met, increasing to max 15%<br>1. Upon a Critical Hit<br>2. Upon Restasigne use<br>3. After 100 sec<br>When all conditions are met,<br>you are prevented from being<br>launched or knocked back by<br>enemy attacks,<br>Critical Hit Rate +20%,<br>Critical Potency +5% for 20 sec<br>After this effect ends,<br>one Restasigne is replenished"
ui_item.csv,ItemSkillHelp,1,item_AchieveBuff2_6,"Potency +68%/<br>Damage Resistance +5% each<br>time one of these conditions<br>is met, increasing to max 15%<br>1. Upon a Critical Hit<br>2. Upon Restasigne use<br>3. After 100 sec<br>When all conditions are met,<br>you are prevented from being<br>launched or knocked back by<br>enemy attacks,<br>Critical Hit Rate +20%,<br>Critical Potency +5% for 20 sec<br>After this effect ends,<br>one Restasigne is replenished"
ui_item.csv,ItemSkillHelp,1,item_GenericBuff5_1,Potency +47%/<br>Critical Hit Rate +5%/<br>PP Consumption -10%/<br>Damage Resistance +10%
ui_item.csv,ItemSkillHelp,1,item_GenericBuff5_2,Potency +50%/<br>Critical Hit Rate +5%/<br>PP Consumption -10%/<br>Damage Resistance +10%
ui_item.csv,ItemSkillHelp,1,item_GenericBuff5_3,Potency +53%/<br>Critical Hit Rate +5%/<br>PP Consumption -10%/<br>Damage Resistance +10%
ui_item.csv,ItemSkillHelp,1,item_GenericBuff5_4,Potency +56%/<br>Critical Hit Rate +5%/<br>PP Consumption -10%/<br>Damage Resistance +10%
ui_item.csv,ItemSkillHelp,1,item_GenericBuff5_5,Potency +57%/<br>Critical Hit Rate +5%/<br>PP Consumption -10%/<br>Damage Resistance +10%
ui_item.csv,ItemSkillHelp,1,item_GenericBuff5_6,Potency +63%/<br>Critical Hit Rate +5%/<br>PP Consumption -10%/<br>Damage Resistance +10%
ui_mainmode.csv,PlayerStatus,1,StatusLabelSeasonPoint_45,Super Phantasy Festival '26 Seasonal Points
ui_mainmode.csv,StatusEffect,1,ForceWalk_Start,You've entered a Photon Dash restricted zone.
ui_mainmode.csv,StatusEffect,1,ForceWalk_End,The Photon Dash restricted zone has ended.
ui_mainmode.csv,SkillParameter,1,PBGaugeRate,PB Gauge Accumulation Rate
ui_mainmode.csv,AreaName,1,AreaName0000010,Control Tower
ui_mainmode.csv,AreaName,1,AreaName0000011,Alter Realm: Phantom Tower Interior
ui_mainmode.csv,AreaName,1,AreaName1133300,Alter Realm: Central Tundra
ui_mainmode.csv,AreaName,1,AreaName1133800,Alter Realm: West Tundra
ui_mainmode.csv,AreaName,1,AreaName041020,Chapter 9: Alter Realm Mission Report
ui_mainmode.csv,AreaName,1,AreaName041190,Chapter 9: Anomaly Report
ui_mainmode.csv,AreaName,1,AreaName041210,Chapter 9: Abduction Hole
ui_mainmode.csv,FieldName,1,11172,Beach Wars '26
ui_mainmode.csv,WeatherName,1,BeachWars_Fine,Sunny
ui_mainmode.csv,WeatherName,1,BeachWars_Collapse,Broken Sunny
ui_mainmode.csv,Worldmap,1,Window_FasttravelTerminal_3_3,Recommended Recipe
ui_mainmode.csv,SubStyleSkillExplanation,1,HelixFirstStrike,"A certain amount of the Photon Blast Gauge will be filled when a quest begins, when moving from a base to an Exploration or Combat Sector, or when moving to a sector in another region."
ui_mainmode.csv,SubStyleSkillExplanation,1,HelixBlastEchoTriggerReload,"When Blast Echo is activated, or when it reaches its max stage, you gain 1 extra attack stock. The next time you hit with an attack, the stored extra attack is performed. This fills the Photon Blast gauge and reduces the Photon Blast cooldown."
ui_mainmode.csv,SubStyleSkillExplanation,1,AjaxFirstStrike,"A certain amount of the Photon Blast Gauge will be filled when a quest begins, when moving from a base to an Exploration or Combat Sector, or when moving to a sector in another region."
ui_mainmode.csv,SubStyleSkillExplanation,1,AjaxBlastEchoTriggerReload,"When Blast Echo is activated, or when it reaches its max stage, you gain 1 extra attack stock. The next time you hit with an attack, the stored extra attack is performed. This fills the Photon Blast gauge and reduces the Photon Blast cooldown."
ui_mainmode.csv,SubStyleSkillExplanation,1,KetosFirstStrike,"A certain amount of the Photon Blast Gauge will be filled when a quest begins, when moving from a base to an Exploration or Combat Sector, or when moving to a sector in another region."
ui_mainmode.csv,SubStyleSkillExplanation,1,KetosBlastEchoTriggerReload,"When Blast Echo is activated, or when it reaches its max stage, you gain 1 extra attack stock. The next time you hit with an attack, the stored extra attack is performed. This fills the Photon Blast gauge and reduces the Photon Blast cooldown."
ui_mainmode.csv,SubStyleSkillName,1,HelixFirstStrike,First Strike
ui_mainmode.csv,SubStyleSkillName,1,HelixBlastEchoTriggerReload,Blast Echo<br>Quick Trigger
ui_mainmode.csv,SubStyleSkillName,1,AjaxFirstStrike,First Strike
ui_mainmode.csv,SubStyleSkillName,1,AjaxBlastEchoTriggerReload,Blast Echo<br>Quick Trigger
ui_mainmode.csv,SubStyleSkillName,1,KetosFirstStrike,First Strike
ui_mainmode.csv,SubStyleSkillName,1,KetosBlastEchoTriggerReload,Blast Echo<br>Quick Trigger
ui_quest_counter_reb.csv,QuestInfo,1,EnemyAttribute,Recommended Element
ui_quest_counter_reb.csv,QuestInfo,1,EnemyAttribute_Element1,$(0)
ui_quest_counter_reb.csv,QuestInfo,1,EnemyAttribute_Element2,$(0) $(1)
ui_quest_counter_reb.csv,QuestInfo,1,DropItem_ListClose,Close List
ui_quest_counter_reb.csv,NpcCounter,1,NpcCounter_Category_18,Phantom Tower Assault
ui_ranking_reb.csv,Ranking,1,WeeklyRanking_Title_Standard_Noetika_Solo,The Altered Remnant of Wisdom Laughs:<br>Solo
ui_shop_reb.csv,Exchange_RecycleShop,1,Window_Titletelop_TakeOverExchangeGranillusion,Granillusion Weapon Enhancement (Augment Transfer)
ui_shop_reb.csv,Exchange_RecycleShop,1,Window_Titletelop_TakeOverExchangeKinz,Kinz Weapon Enhancement (Augment Transfer)
ui_shop_reb.csv,Exchange_RecycleShop,1,Window_Titletelop_TakeOverExchangeLG5,Levarenz Weapon Exchange
ui_tips_reb.csv,TipsDead,1,Dead_r05_non_cml4_crf_001,Alter Crawford uses several powerful Status Ailment attacks.
ui_tips_reb.csv,TipsDead,1,Dead_r05_non_cml4_crf_002,I am the REAL Crawford!
ui_tips_reb.csv,TipsDead,1,Dead_r05_stl_bhu_ba1_001,Alter Noetica's element changes during combat.<br>It can be downed with attacks of its weak point element.
ui_tips_reb.csv,TipsDead,1,Dead_r05_stl_bhu_ba1_002,The field generated after certain Alter Noetica attacks can cause elemental downs on contact even without Techniques.
ui_tips_reb.csv,TipsDead,1,Dead_r03_nat_mam_deh_001,Destroying a High Zo Marmoth's forehead will cause it to go Down.
ui_tips_reb.csv,TipsDead,1,Dead_r03_nat_mam_deh_002,Downing a High Zo Marmoth will expose its weak point.
ui_tips_reb.csv,TipsDead,1,Dead_r05_rem_ang_ba1_001,Destroying all of Ruine Anga's bits will cause it to go down.
ui_tips_reb.csv,TipsDead,1,Dead_r05_rem_ang_ba1_002,Ruine Anga changes form between the first and second half.
ui_tutorial_reb.csv,TitleName,1,tut_006725,Additional Quest Rewards


Archivos nuevos
ac_enemy_story_voice.csv
cl0421450101.csv
cl0421450102.csv
cl0421450103.csv
ed0611450101.csv
ed0611453101.csv
ed0614041701.csv
ed0614041702.csv
ed0614041703.csv
ed0614050167.csv
ed0614050168.csv
ed0614050169.csv
ed0614050170.csv
ew0624060401.csv
ew0624060402.csv
ew0624060411.csv
ew0624060412.csv
ls0061450101.csv
ls0061450111.csv
ls0061451121.csv
ls0061451122.csv
ls0061451123.csv
ls0061451124.csv
ls0061451131.csv
ls0061453132.csv
ls0061453141.csv
ls0061453142.csv
ls0061453143.csv
ls0066050115.csv
ls0066050116.csv
ls0066050117.csv
ls0066050118.csv
ls0066050119.csv
ls0066050120.csv
ls0066050121.csv
ls0066050122.csv
ls0066060103.csv
ls0066100103.csv
ls0066100104.csv
ls0066100105.csv
ls0066100106.csv
ls0066100107.csv
ls0066100108.csv
ls0066100111.csv
ls0066100112.csv
ls0066100113.csv
ls0066100119.csv
ls0066120101.csv
ms0010100900.csv
ms0010100910.csv
ms0010100920.csv
ms0010100930.csv
ms0010100940.csv
msc_041020.csv
msc_041190.csv
msc_041210.csv
msc_041360.csv
msc_041390.csv
msn_041010.csv
msn_041030.csv
msn_041040.csv
msn_041050.csv
msn_041060.csv
msn_041070.csv
msn_041080.csv
msn_041090.csv
msn_041100.csv
msn_041110.csv
msn_041120.csv
msn_041130.csv
msn_041140.csv
msn_041150.csv
msn_041160.csv
msn_041170.csv
msn_041180.csv
msn_041200.csv
msn_041220.csv
msn_041280.csv
qst_1011172000.csv
qst_1120380000.csv
qst_1120380010.csv
qst_1120380020.csv
qst_1120380030.csv
qst_1120380040.csv
qst_1120380050.csv
qst_1120380060.csv
qst_1120380070.csv
qst_1120380080.csv
qst_1120380090.csv
qst_1120380100.csv
qst_1120380110.csv
qst_1120380120.csv
qst_1120380130.csv
qst_1120380140.csv
qst_1120380150.csv
qst_1180390140.csv
qst_1180390150.csv
qst_1203100000.csv
qst_1203100010.csv
qst_1203100020.csv
qst_1203100030.csv
qst_1203100040.csv
qst_1203100050.csv
qst_1203100060.csv
qst_1203120000.csv
qst_1203120010.csv
qst_1203120020.csv
qst_1203120030.csv
qst_1203120040.csv
qst_1203120050.csv
qst_1203120055.csv
qst_1203120060.csv
qst_1203120070.csv
qst_1203120080.csv
qst_1341050000.csv
qst_1341050010.csv
qst_1341050020.csv
qst_1341050030.csv
qst_1341060000.csv
qst_1341070000.csv
qst_1341070010.csv
qst_1341090000.csv
qst_1341090010.csv
qst_1341090020.csv
qt1203105000.csv
qt1203120000.csv
qt1203130000.csv
quest_01011172.csv
quest_01120360.csv
quest_01120370.csv
quest_01120380.csv
quest_01120390.csv
quest_01120400.csv
quest_01203100.csv
quest_01203101.csv
quest_01203105.csv
quest_01203106.csv
quest_01203111.csv
quest_01203120.csv
quest_01203130.csv
quest_01341060.csv
quest_01341070.csv
quest_01341080.csv
quest_01341090.csv
quest_01341100.csv
quest_01341110.csv
ssn_019450_001.csv
ssn_019450_002.csv
ssn_019450_003.csv
ssn_019450_004.csv
ssn_019450_005.csv
ssq_019450_001.csv
trial_apc_7001040.csv
trial_apc_7002046.csv
trial_apc_7004027.csv
trial_apc_7010014.csv
trial_apc_7015012.csv
trial_apc_7016010.csv
trial_apc_7022017.csv
trial_apc_7026011.csv
trial_apc_7034011.csv
trial_boss_weak_evolution.csv
trial_boss_weak_interrupt.csv
trial_boss_weakcon_aelio.csv
trial_challenge_hub.csv
trial_enemy_ahl_v2.csv
trial_white_wanted_game.csv
tut_006725.csv