section,group,id,text
AcceptCondition,0,a1,特定のクライアントオーダーのクリア
AcceptCondition,0,a2,特定のクライアントオーダーのクリア
AcceptCondition,0,a3,スーパーハード受注許可証の所持
Basic,0,Title,戦変万花のエネミー掃討戦
Basic,0,Explanation,西エアリオのクライアノ断崖で、強力なエネミーの反応が複数確認された。<br>大型のフォーマーズと目されるが、通常とは異なるスペクトルが見られる。<br>アークス各員は不測の事態に警戒しつつ、エネミーを殲滅せよ。<br>――――――――――――――――――――――――――――――――――――――<br>クリア可能回数：$(0)回<yellow>（※同時発生中の緊急クエスト含む）<c>
Basic,1,Title,Operación de limpieza de ráfaga de flores
Basic,1,Explanation,"Hemos detectado múltiples señales de enemigos poderosos en los Acantilados Cryano, en el oeste de Aelio. El informe de inteligencia confirmó la presencia de grandes FORMERS, pero poseen un espectro diferente al habitual. Necesitamos que todos los Defensores ARKS se mantengan alerta ante las irregularidades y derroten a los enemigos.<br>---------------------------------------- <br>Tiempos disponibles: $(0) <yellow>(incluyendo misiones urgentes activas simultáneamente)<c>"
QuestTarget,0,SimpleExplanation,最奥部のエネミーを討伐せよ！
QuestTarget,1,SimpleExplanation,¡Reprime a los enemigos en el área final!
